{"cameraMode":{"drawMode":0,"name":"Shaded","section":"Shading Mode"},"sceneLighting":true,"audioPlay":false,"sceneViewState":{"showFog":true,"showMaterialUpdate":false,"showSkybox":true,"showFlares":true,"showImageEffects":true,"showParticleSystems":true},"in2DMode":false,"pivot":{"x":24.925687789916993,"y":-7.1195268630981449,"z":-42.045875549316409},"rotation":{"x":-0.048018552362918857,"y":0.9497674703598023,"z":-0.24941758811473847,"w":-0.18285591900348664},"size":27.85957145690918,"orthographic":false}