{"cameraMode":{"drawMode":0,"name":"Shaded","section":"Shading Mode"},"sceneLighting":true,"audioPlay":false,"sceneViewState":{"showFog":true,"showMaterialUpdate":false,"showSkybox":true,"showFlares":true,"showImageEffects":true,"showParticleSystems":true},"in2DMode":false,"pivot":{"x":-20.908288955688478,"y":-0.36752474308013918,"z":9.319734573364258},"rotation":{"x":0.08496151864528656,"y":0.7696601748466492,"z":-0.10478172451257706,"w":0.6240509748458862},"size":1.5073950290679932,"orthographic":false}