{"cameraMode":{"drawMode":0,"name":"Shaded","section":"Shading Mode"},"sceneLighting":true,"audioPlay":false,"sceneViewState":{"showFog":true,"showMaterialUpdate":false,"showSkybox":true,"showFlares":true,"showImageEffects":true,"showParticleSystems":true},"in2DMode":false,"pivot":{"x":-0.8430137634277344,"y":0.2598881423473358,"z":16.305524826049806},"rotation":{"x":-0.02598608285188675,"y":0.9503260850906372,"z":-0.2989864647388458,"w":-0.08260007202625275},"size":27.839157104492189,"orthographic":false}